STUDENT NAME DATABASE ,,,,,,
ID NUMBER,PASSWORD,Last Name,First Name,Middle Name ,Program,Block Section
2024-1001,A7mQ3kL9sR,Dela Cruz,Juan,Santos,Information Technology,INF240
2024-1002,p4Z8N2eKJq,Santos,Maria,Reyes,Information Technology,INF240
2024-1003,M6sP0A9xTQ,Reyes,Michael,Cruz,Information Technology,INF240
2024-1004,K2F9m7LZ5a,Garcia,Anna,Lopez,Information Technology,INF240
2024-1005,R8Qn6JpE3T,Mendoza,Joshua,Flores,Information Technology,INF240
2024-1006,9mW2A5xZKQ,Flores,Angela,Ramos,Information Technology,INF240
2024-1007,E4s7JkT8P0,Ramos,Christian,Bautista,Information Technology,INF240
2024-1008,QZK5A3J8n6,Bautista,Michelle,Aquino,Information Technology,INF240
2024-1009,P3x7T2KZQm,Aquino,Daniel,Navarro,Information Technology,INF240
2024-1010,A0JQ7LZsE5,Navarro,Sophia,Lim,Information Technology,INF240
2024-1011,kQ3Z7N4A5P,Lim,Mark,Tan,Information Technology,INF240
2024-1012,9x6MZ0Jk2A,Tan,Patricia,Chua,Information Technology,INF240
2024-1013,F8E2sL9QJm,Chua,Kevin,Uy,Information Technology,INF240
2024-1014,Z5A4x8QJk9,Uy,Katrina,Go,Information Technology,INF240
2024-1015,T3N0mQ7JZ8,Go,Adrian,Co,Information Technology,INF240
2024-1016,K9QFJ7sL0A,Co,Jasmine,Sy,Information Technology,INF240
2024-1017,PZ8N6x7QJm,Sy,Bryan,Ong,Information Technology,INF240
2024-1018,L3Q9T8JZ7A,Ong,Bianca,Lee,Information Technology,INF240
2024-1019,N0PZK7J8Q6,Lee,Matthew,Chan,Information Technology,INF240
2024-1020,Q8xZ9L5P3A,Chan,Alyssa,Yu,Information Technology,INF240
2024-1021,M7Q3Z8LJ2N,Yu,Carlo,Lao,Information Technology,INF241
2024-1022,P0QZ6A5xJ9,Lao,Denise,Dee,Information Technology,INF241
2024-1023,E8QZJ3T7N2,Dee,Francis,Te,Information Technology,INF241
2024-1024,QZ7J5P0A6x,Te,Joanne,Kho,Information Technology,INF241
2024-1025,9N2Q7ZK3J8,Kho,Vincent,Ang,Information Technology,INF241
2024-1026,TQ8ZJ6P7A3,Ang,Clarisse,Tiu,Information Technology,INF241
2024-1027,QZ9J3A7K8N,Tiu,Ronald,Que,Information Technology,INF241
2024-1028,6JQZ5P9T8A,Que,Marian,Yap,Information Technology,INF241
2024-1029,K7Z9J8Q3A0,Yap,Bryan,Pineda,Information Technology,INF241
2024-1030,QZ6T3P7J8A,Pineda,Janelle,Cruz,Information Technology,INF241
2024-1031,JZQ8A7P6K9,Cruz,Steven,Abad,Information Technology,INF241
2024-1032,QZ7J8P3A5N,Abad,Camille,Tolentino,Information Technology,INF241
2024-1033,9ZJQ8P6A7K,Tolentino,Patrick,Castillo,Information Technology,INF241
2024-1034,P7JQZ8A6N3,Castillo,Erika,Fajardo,Information Technology,INF241
2024-1035,J8ZQ7P6A3K,Fajardo,Nathan,Ibarra,Information Technology,INF241
2024-1036,QZ8P7J6A3N,Ibarra,Hannah,Jacinto,Information Technology,INF241
2024-1037,ZQ7J8P6A3K,Jacinto,Andre,Katigbak,Information Technology,INF241
2024-1038,QJZ8P7A6N3,Katigbak,Bea,Lacsamana,Information Technology,INF241
2024-1039,8ZQJ7P6A3K,Lacsamana,Paolo,Macapagal,Information Technology,INF241
2024-1040,QZJ8P7A6N3,Macapagal,Trisha,Malabanan,Information Technology,INF241
2024-1041,A6QZP8J7K3,Malabanan,Angelo,Manalo,Computer Science,COM240
2024-1042,Q7ZJ8A6P3N,Manalo,Kyla,Marquez,Computer Science,COM240
2024-1043,Z8JQ7P6A3K,Marquez,Jerome,Mercado,Computer Science,COM240
2024-1044,P6ZQJ8A7N3,Mercado,Rhea,Montoya,Computer Science,COM240
2024-1045,JQZ8P7A6K3,Montoya,Allan,Natividad,Computer Science,COM240
2024-1046,QZ8J7A6P3N,Natividad,Sheila,Ocampo,Computer Science,COM240
2024-1047,ZQJ7P8A6K3,Ocampo,Dennis,Padilla,Computer Science,COM240
2024-1048,Q8ZJ7P6A3K,Padilla,Grace,Palacios,Computer Science,COM240
2024-1049,JZQ7P8A6K3,Palacios,Victor,Panganiban,Computer Science,COM240
2024-1050,QZJ7P8A6N3,Panganiban,April,Pascual,Computer Science,COM240
2024-1051,A9ZQJ7P6K3,Pascual,Joel,Quinto,Computer Science,COM240
2024-1052,ZQJ8P7A6K3,Quinto,Mae,Regala,Computer Science,COM240
2024-1053,QJZ8P6A7K3,Regala,Noel,Rivera,Computer Science,COM240
2024-1054,7ZQJ8P6A3K,Rivera,Shaira,Salcedo,Computer Science,COM240
2024-1055,QZJ8P6A7K3,Salcedo,Arnold,Samson,Computer Science,COM240
2024-1056,ZQJ7P8A6K3,Samson,Liza,Soriano,Computer Science,COM240
2024-1057,JZQ8P7A6K3,Soriano,Marvin,Tabora,Computer Science,COM240
2024-1058,QZJ8P6A7N3,Tabora,Carla,Tadeo,Computer Science,COM240
2024-1059,ZQJ8P7A6K3,Tadeo,Ivan,Valdez,Computer Science,COM240
2024-1060,QJZ7P8A6K3,Valdez,Nica,Velasco,Computer Science,COM240
2024-1061,8ZQJ7P6A3K,Velasco,Rey,Villamor,Computer Science,COM241
2024-1062,QZJ7P8A6K3,Villamor,Joyce,Yabut,Computer Science,COM241
2024-1063,ZQJ8P6A7K3,Yabut,Albert,Zamora,Computer Science,COM241
2024-1064,QJZ8P7A6K3,Zamora,Faith,Alonzo,Computer Science,COM241
2024-1065,JZQ7P8A6K3,Alonzo,Brian,Beltran,Computer Science,COM241
2024-1066,QZJ8P6A7K3,Beltran,Jessa,Calderon,Computer Science,COM241
2024-1067,ZQJ7P8A6K3,Calderon,Leo,Del Rosario,Computer Science,COM241
2024-1068,QJZ7P8A6K3,Del Rosario,Aileen,Espiritu,Computer Science,COM241
2024-1069,JZQ8P6A7K3,Espiritu,Ruben,Galang,Computer Science,COM241
2024-1070,QZJ7P8A6K3,Galang,Celine,Hidalgo,Computer Science,COM241
2024-1071,ZQJ8P7A6K3,Hidalgo,Marco,Ilagan,Computer Science,COM241
2024-1072,QJZ8P6A7K3,Ilagan,Sheryl,Jimenez,Computer Science,COM241
2024-1073,JZQ7P8A6K3,Jimenez,Alex,Labra,Computer Science,COM241
2024-1074,QZJ8P7A6K3,Labra,Paula,Magno,Computer Science,COM241
2024-1075,ZQJ7P8A6K3,Magno,Sonny,Navarro,Computer Science,COM241
2024-1076,K9aQ7M2PZx,Navarro,Kristine,Ordo単ez,Computer Science,COM241
2024-1077,8RZPqA6mJ4,Ordo単ez,Neil,Paredes,Computer Science,COM241
2024-1078,T3Q7ZK9A2p,Paredes,Janine,Quijano,Computer Science,COM241
2024-1079,MZ8P6A7QK3,Quijano,Emerson,Robles,Computer Science,COM241
2024-1080,4JZQK7P8A6,Robles,Lovely,Sarmiento,Computer Science,COM241
,,,,,,
,,,,,,
,,,,,,
MORE SAMPLE DATA,,,,,,
2024-1081,Sarmiento,Jeffrey,Torres,Information Technology,,
2024-1082,Torres,Princess,Umali,Information Technology,,
2024-1083,Umali,Arvin,Vergara,Information Technology,,
2024-1084,Vergara,Melissa,Ylagan,Information Technology,,
2024-1085,Ylagan,Jonathan,Zafra,Information Technology,,
2024-1086,Zafra,Danielle,Magsaysay,Information Technology,,
2024-1087,Magsaysay,Ryan,Laurel,Information Technology,,
2024-1088,Laurel,Samantha,Roxas,Information Technology,,
2024-1089,Roxas,Jerome,Osme単a,Information Technology,,
2024-1090,Osme単a,Nicole,Recto,Information Technology,,
2024-1091,Recto,Alvin,Legaspi,Information Technology,,
2024-1092,Legaspi,Charmaine,Bonifacio,Information Technology,,
2024-1093,Bonifacio,Edwin,Aguinaldo,Information Technology,,
2024-1094,Aguinaldo,Marielle,Mabini,Information Technology,,
2024-1095,Mabini,Tristan,Jacinto,Information Technology,,
2024-1096,Jacinto,Rachelle,Luna,Information Technology,,
2024-1097,Luna,Kenneth,Solis,Information Technology,,
2024-1098,Solis,Danica,Villanueva,Information Technology,,
2024-1099,Villanueva,Andrew,Santos,Information Technology,,
2024-1100,Santos,Camille,Dizon,Information Technology,,
2024-1101,Dizon,Jerome,Bautista,Information Technology,,
2024-1102,Bautista,Angel,Cruz,Information Technology,,
2024-1103,De Leon,Mark,Santos,Information Technology,,
2024-1104,Villanueva,Angel,Cruz,Information Technology,,
2024-1105,Paredes,John Paul,Reyes,Information Technology,,
2024-1106,Manabat,Clarissa,Dizon,Information Technology,,
2024-1107,Salonga,Joseph,Bautista,Information Technology,,
2024-1108,Magbanua,Erica,Flores,Information Technology,,
2024-1109,Alcaraz,Daniel,Mendoza,Information Technology,,
2024-1110,Talavera,Rina,Garcia,Information Technology,,
2024-1111,Cordero,Luis,Ramos,Information Technology,,
2024-1112,Barrera,Nicole,Aquino,Information Technology,,
2024-1113,San Juan,Anthony,Navarro,Information Technology,,
2024-1114,Limos,Patricia,Lim,Information Technology,,
2024-1115,Mabunga,Kevin,Tan,Information Technology,,
2024-1116,Delos Reyes,Andrea,Villamor,Information Technology,,
2024-1117,Evangelista,Paolo,Castillo,Information Technology,,
2024-1118,Sebastian,Alyana,Fajardo,Information Technology,,
2024-1119,Gonzaga,Miguel,Tolentino,Information Technology,,
2024-1120,Hidalgo,Bianca,Soriano,Information Technology,,
2024-1121,Abad,Lorenzo,Santos,Computer Science,,
2024-1122,Aguilar,Monica,Reyes,Computer Science,,
2024-1123,Alonzo,Patrick,Cruz,Computer Science,,
2024-1124,Arceo,Janine,Bautista,Computer Science,,
2024-1125,Arellano,Miguel,Aquino,Computer Science,,
2024-1126,Austria,Clarisse,Ramos,Computer Science,,
2024-1127,Balderama,Vincent,Flores,Computer Science,,
2024-1128,Barrion,Arianne,Mendoza,Computer Science,,
2024-1129,Benitez,Carlo,Garcia,Computer Science,,
2024-1130,Bermejo,Louise,Navarro,Computer Science,,
2024-1131,Briones,Alfred,Lim,Computer Science,,
2024-1132,Caballero,Trina,Tan,Computer Science,,
2024-1133,Calma,Jerome,Dizon,Computer Science,,
2024-1134,Capili,Bianca,Pineda,Computer Science,,
2024-1135,Casimiro,Jonathan,Villanueva,Computer Science,,
2024-1136,Celis,Marjorie,Cruz,Computer Science,,
2024-1137,Concepcion,Daniel,Santos,Computer Science,,
2024-1138,Corpuz,Elaine,Reyes,Computer Science,,
2024-1139,Cuenca,Rafael,Bautista,Computer Science,,
2024-1140,Dizon,Andrea,Aquino,Computer Science,,
2024-1141,Encarnacion,Noel,Ramos,Computer Science,,
2024-1142,Estacio,Camille,Flores,Computer Science,,
2024-1143,Figueroa,Luis,Mendoza,Computer Science,,
2024-1144,Galvez,Kristoffer,Garcia,Computer Science,,
2024-1145,Gamboa,Rachelle,Navarro,Computer Science,,
2024-1146,Gaviola,Joshua,Lim,Computer Science,,
2024-1147,Hilario,Frances,Tan,Computer Science,,
2024-1148,Ilustre,Marco,Dizon,Computer Science,,
2024-1149,Joven,Katrina,Pineda,Computer Science,,
2024-1150,Laborde,Christian,Villanueva,Computer Science,,
2024-1151,Malvar,Angelo,Cruz,Computer Science,,
2024-1152,Manzano,April,Santos,Computer Science,,
2024-1153,Miranda,Paolo,Reyes,Computer Science,,
2024-1154,Nolasco,Shaina,Bautista,Computer Science,,
2024-1155,Olivares,Raymond,Aquino,Computer Science,,
2024-1156,Ponce,Denise,Ramos,Computer Science,,
2024-1157,Quimbo,Allan,Flores,Computer Science,,
2024-1158,Raymundo,Joyce,Mendoza,Computer Science,,
2024-1159,Sevilla,Bryan,Garcia,Computer Science,,
2024-1160,Tolosa,Marian,Navarro,Computer Science,,